title,company,location,link
2020년 하반기 경력사원 (IT(Digital Transformation)부문),LG상사,서울 종로구,https://kr.indeed.com/viewjob?jk=8cc9b4c1f8813564
하나손해보험 경력직,하나손해보험,서울 종로구,https://kr.indeed.com/viewjob?jk=3925a2e10be30d42
현대오토에버 경력사원 대규모 상시,현대오토에버,서울,https://kr.indeed.com/viewjob?jk=a5cce44e4a847727
[Clova] Clova AI 인재,네이버,서울,https://kr.indeed.com/viewjob?jk=92bd400e3b5306ba
AI/빅데이터/클라우드 분야 (인재 Pool),LG유플러스,서울,https://kr.indeed.com/viewjob?jk=fb617eeb80ea6fa9
Software Engineer Intern,Intel,서울,https://kr.indeed.com/viewjob?jk=153b61bfd2b5f9d1
디지털분야 경력직,지투알,서울,https://kr.indeed.com/viewjob?jk=6ce1b0abe9a52d32
[피파온라인4] 테크니컬 아티스트,Electronic Arts,서울,https://kr.indeed.com/viewjob?jk=0bce5c7e8c1e521d
데이터분석가(팀장급),리디,서울,https://kr.indeed.com/viewjob?jk=d556a5075a39acee
데이터 분석가(팀원급),리디,서울,https://kr.indeed.com/viewjob?jk=2c01efd167df86c4
[전문연구요원] 상시,네이버,서울,https://kr.indeed.com/viewjob?jk=b79c2ae536063b01
Business Analyst,Procter & Gamble,서울,https://kr.indeed.com/viewjob?jk=4e1a74bd9521c601
Staff AE,Synopsys,서울,https://kr.indeed.com/viewjob?jk=c388192aa3ac0634
[대형보험사] 변액헤지 담당 (대리-차장급),커리어라임즈,서울,https://kr.indeed.com/viewjob?jk=b60ac585758a43a5
Support Engineer,Microsoft,서울,https://kr.indeed.com/viewjob?jk=0bbf23c0930be392
2020년도 IT기획팀 경력사원,한국다이이찌산쿄,서울 중구,https://kr.indeed.com/viewjob?jk=06d03fe7addaa264
Information Management Office Cybersecurity Engineer,Booz Allen Hamilton,서울,https://kr.indeed.com/viewjob?jk=4c3776c4cce63109
Applications Engineer (Library Characterization),Synopsys,서울,https://kr.indeed.com/viewjob?jk=8c8700db243d1a3c
Support Engineer _ Azure PaaS,Microsoft,서울,https://kr.indeed.com/viewjob?jk=01bc879744c28f9c
Technical Solutions Engineer,MightyHive,서울,https://kr.indeed.com/viewjob?jk=2d83dcf8baac736b
파이썬(Python) 콘텐츠 알고리즘 개발,주)씽크풀,서울 영등포구,https://kr.indeed.com/viewjob?jk=f4f7412e6faac628
mmWave HW Design Engineer,Apple,서울,https://kr.indeed.com/viewjob?jk=abfc94fd3a20ea51
Junior Full-stack Developer,Asiance,서울,https://kr.indeed.com/viewjob?jk=fb84164a9eed9423
[대형보험사] 데이터분석가 (대리~차장급),커리어라임즈,서울,https://kr.indeed.com/viewjob?jk=d88e6ebb36005350
Operations Manager (Ops),Amazon Web Services Korea LLC,서울,https://kr.indeed.com/viewjob?jk=6e47e26f4267ddec
Developer / Designer recruit,마이뮤직테이스트,서울 논현동,https://kr.indeed.com/viewjob?jk=55a19c92c845685e
AI/ 음성인식/ 차량보안/ 빅데이터/ IoT 등 R&D 부문 경력,현대오토에버,서울 강남구,https://kr.indeed.com/viewjob?jk=483b5c30ed9ccb06
"[젠틀몬스터] 뉴미디어 컨텐츠 개발자, 기획, 디자이너",아이아이컴바인드,서울 마포구,https://kr.indeed.com/viewjob?jk=97c47e5b4429da35
Support Engineer _ Devices & IoT,Microsoft,서울,https://kr.indeed.com/viewjob?jk=7af1798e214d4067
[인재풀] 아티스트,Electronic Arts,서울,https://kr.indeed.com/viewjob?jk=aac8e9355cb855ac
"웹 기획자(PM), 디자이너, 개발자",서울의료정보연구소,서울 강남구,https://kr.indeed.com/viewjob?jk=b631ffd1d6efc915
AI/ 음성인식/ 차량보안/ 빅데이터/ IoT 등 R&D 부문 경력,현대오토에버,서울 강남구,https://kr.indeed.com/viewjob?jk=483b5c30ed9ccb06
연구소 개발부문 연구원 직원 (회로설계/하드웨어설계/머신비전/이미지프로세싱),모든,경기도 광명,https://kr.indeed.com/viewjob?jk=7fe3cefee1ec0993
[피파온라인4] 소프트웨어 엔지니어,Electronic Arts,서울,https://kr.indeed.com/viewjob?jk=1cf825d234463890
Software Engineer,Google,서울,https://kr.indeed.com/viewjob?jk=d2df92c32bd4a203
"R&D Engineer, Sr I",Synopsys,서울,https://kr.indeed.com/viewjob?jk=432b169b273d9964
Solutions Engineer,Confluent,서울,https://kr.indeed.com/viewjob?jk=6a399a2c059ebbb1
Data Analyst,Axiologic Solutions,서울,https://kr.indeed.com/viewjob?jk=eb45c08f4c4a43d8
경력사원 상시 (AI 기획 및 개발),신세계아이앤씨,서울 중구,https://kr.indeed.com/viewjob?jk=ab6d748f635fcc41
Software Test Engineer for HANA Engine Intelligence Team,SAP,서울,https://kr.indeed.com/viewjob?jk=8aeedb3a2dba74b6
Developer / Designer recruit,마이뮤직테이스트,서울 논현동,https://kr.indeed.com/viewjob?jk=55a19c92c845685e
(주)신세계아이앤씨 경력사원 상시,신세계아이앤씨,서울 중구,https://kr.indeed.com/viewjob?jk=9debec4c7f511ec8
[빅데이터플랫폼] 데이터 플랫폼 엔지니어링 담당자,한국카카오은행,성남 분당구,https://kr.indeed.com/viewjob?jk=6f33a670e47e8440
Machine Learning Research - Speech Recognition,Qualcomm,서울,https://kr.indeed.com/viewjob?jk=19b7736d5aa3f7e5
Research Engineer - Machine Learning,AITRICS,서울,https://kr.indeed.com/viewjob?jk=05ce3c7d5c6c368c
[서울지사] 데이터 분석가,네오플,서울 강남구,https://kr.indeed.com/viewjob?jk=3d0fef92805a8c7c
자바와 파이썬 이용한 데이터분석 전문가 양성과정,케이티디에스,서울 서초구,https://kr.indeed.com/viewjob?jk=7bfe9f5c43f1006b
[메가존] 오라클 클라우드 아키텍트,메가존,서울 강남구,https://kr.indeed.com/viewjob?jk=a57f408f00946723
[AI Lab] AI 백엔드 엔지니어,버즈니,서울,https://kr.indeed.com/viewjob?jk=39d1abf861dbdb6e
"데이터 가치 함께 발굴하실 머신러닝, 통계 모델링 전문가",카카오,성남 판교역,https://kr.indeed.com/viewjob?jk=d1e75364ef505c68
[경력] 데이터 아키텍트(DA),현대엠엔소프트,서울 용산구,https://kr.indeed.com/viewjob?jk=312454e44592db50
퍼즐데이터 역량있는 데이터 분석가,주식회사퍼즐데이터,서울 역삼동,https://kr.indeed.com/viewjob?jk=116009dbf59211ed
Analytics Specialist,MightyHive,서울,https://kr.indeed.com/viewjob?jk=419692b3ddb34768
[Search] AI 기반 글로벌 추천 서비스/시스템 개발,네이버,서울,https://kr.indeed.com/viewjob?jk=acd5236360359c2f
카카오 네트워크 엔지니어,카카오,성남 판교역,https://kr.indeed.com/viewjob?jk=f281c810daf0e10d
데스크탑 가상화(VDI) 엔지니어,카카오,성남 판교역,https://kr.indeed.com/viewjob?jk=530a598184580c95
Data Scientist,하이퍼커넥트,서울,https://kr.indeed.com/viewjob?jk=5bc622575fee61b8
[Autonomous Driving] Virtual Environment Simulation Engineer,네이버,서울,https://kr.indeed.com/viewjob?jk=5ed0334bca0963cb
Database / Advanced Support Engineer,Oracle,서울,https://kr.indeed.com/viewjob?jk=c7fcbf1ff4218637
데이터 엔지니어,크로스앵글,서울 반포동,https://kr.indeed.com/viewjob?jk=ae15250b0a7f47e0
[LINE BIZ PLUS] FDS 서버 개발,라인비즈플러스,성남 분당구,https://kr.indeed.com/viewjob?jk=5acb25fbadac77bb
[홈쇼핑모아] 검색 개발팀 / 백엔드 엔지니어,버즈니,서울,https://kr.indeed.com/viewjob?jk=0f7280d26837bc74
Back-end Engineer (Python),Soomgo,서울 강남구,https://kr.indeed.com/viewjob?jk=752a4b5d63eac97c
플랫폼 채팅모듈 개발자,Nexon,성남 분당구,https://kr.indeed.com/viewjob?jk=3b752abecf619fe5
추천 통계분석/데이터사이언티스트,카카오,성남 판교역,https://kr.indeed.com/viewjob?jk=bfe0f5ac4f32ec89
TECH U Associate Solutions Architect - 2020 Korea,Amazon Web Services Korea LLC,서울,https://kr.indeed.com/viewjob?jk=d66914db200312e0
Datacenter Engineer (강원도 춘천 근무),Oracle,서울,https://kr.indeed.com/viewjob?jk=9e1ab356c0d2de12
"Solutions Architect, Manufacturing Specialist - AMAZON Web Services, Korea",Amazon Web Services Korea LLC,서울,https://kr.indeed.com/viewjob?jk=1502306577f8b10a
신용리스크관리 담당자 채용,케이뱅크은행,서울 중학동,https://kr.indeed.com/viewjob?jk=86f59be0ef305a68
유저프로파일팀 - 데이터 모델러,Nexon,성남 분당구,https://kr.indeed.com/viewjob?jk=8dfc9993e2aa9160
추천 시스템 연구/개발,카카오,성남 판교역,https://kr.indeed.com/viewjob?jk=be6c1f03fa566f8e
MySQL Engineer,카카오,성남 판교역,https://kr.indeed.com/viewjob?jk=dd06066d79860614
굿모니터링 주식회사 시스템 개발 인력,굿모니터링,서울 서대문구,https://kr.indeed.com/viewjob?jk=a1798efd8b939486
[메가존] 정보보호담당자 (신입가능),메가존,서울 강남구,https://kr.indeed.com/viewjob?jk=6acfef91f30582e4
Cloud Support Eng. II (Lin),Amazon Web Services Korea LLC,서울,https://kr.indeed.com/viewjob?jk=a90457066bb577a4
Cloud Support Eng. II (DMS),Amazon Web Services Korea LLC,서울,https://kr.indeed.com/viewjob?jk=7f38721257646550
[정보보안] 보안분석 플랫폼 개발 및 운영 담당자,한국카카오은행,성남 분당구,https://kr.indeed.com/viewjob?jk=94bf3c1c1c64fc87
분석실 - 베이지안 분석 전문가,Nexon,성남 분당구,https://kr.indeed.com/viewjob?jk=19b44e0d17d112e2
[경력] 검색 엔진 개발,현대엠엔소프트,서울 용산구,https://kr.indeed.com/viewjob?jk=86ea268d9852807f
데이터 분석 및 지표 구축,아프리카TV,성남 분당구,https://kr.indeed.com/viewjob?jk=613678e409e8667c
[모아리포트] 개발팀 / 백엔드 엔지니어,버즈니,서울,https://kr.indeed.com/viewjob?jk=3b8b8e19a432077d
[NHN godo] 인프라 플랫폼 개발자,엔에이치엔고도,서울 구로구,https://kr.indeed.com/viewjob?jk=212d5a9db145fc34
Senior Full-stack Developer,Asiance,서울,https://kr.indeed.com/viewjob?jk=978edf4ea4db4d6c
WAS 전산센터 SM인력,타임게이트,서울 성동구,https://kr.indeed.com/viewjob?jk=dad63276958f45ea
"Python, PHP 외 경력 정규직",드래곤에이치알,서울 강서구,https://kr.indeed.com/viewjob?jk=199189698f0d215c
백엔드 개발자(데이터 엔지니어) - Junior,유저해빗,서울 마포구,https://kr.indeed.com/viewjob?jk=0d5c5371dd25b265
"JSP, Servlet 외 신입/경력 정규직, 병역특례",호디,서울 마포구,https://kr.indeed.com/viewjob?jk=7ed9311e94fb4066
[큐셀] 시스템개발팀 경력사원 (시스템개발팀 Data Scientist),한화솔루션,서울 중구,https://kr.indeed.com/viewjob?jk=38147e024cf3f00f
"Specialist Solutions Architect III, AI/ML",Amazon Web Services Korea LLC,서울,https://kr.indeed.com/viewjob?jk=2625bdacef9c5d08
[머니클랜] 비즈니스 데이터 분석가 (Business Data Analyst) 영입,카카오페이,성남 분당구,https://kr.indeed.com/viewjob?jk=ff1ba19d226052f5
Tech U Associate Technical Trainer - 2020 Korea,Amazon Web Services Korea LLC,서울,https://kr.indeed.com/viewjob?jk=a8b83b3070bb370a
Data Scientist (LINE TIMELINE),LINE Plus corporation,성남 서현역,https://kr.indeed.com/viewjob?jk=747e809417b65ce3
Python 신입/경력 정규직,태그바이컴퍼니,서울 강남구,https://kr.indeed.com/viewjob?jk=e7b19736572ba66e
메시지발송 플랫폼 개발자,Nexon,성남 분당구,https://kr.indeed.com/viewjob?jk=eaee1538d8cc832f
외국계 한국법인 백엔드 경력 사원,엘마르코리아,서울,https://kr.indeed.com/viewjob?jk=8e79c59826227cee
[조직문화/개발팀] 백엔드 엔지니어(사내 시스템 개발),버즈니,서울,https://kr.indeed.com/viewjob?jk=a312aadd51cba768
[CX유닛] CXPO실 Business Analyst,야놀자,서울 강남구,https://kr.indeed.com/viewjob?jk=5350583c20f44852
Streaming Application Engineer,하이퍼커넥트,서울,https://kr.indeed.com/viewjob?jk=97b8a276ee41952f
신용리스크관리 담당자 채용,케이뱅크은행,서울 중학동,https://kr.indeed.com/viewjob?jk=86f59be0ef305a68
[Search] 쇼핑검색 AI 기술 개발 신입/경력사원,네이버,서울,https://kr.indeed.com/viewjob?jk=faf0422473d4188a
퍼즐데이터 역량있는 데이터 분석가,주식회사퍼즐데이터,서울 역삼동,https://kr.indeed.com/viewjob?jk=116009dbf59211ed
AD Performance Dev,LINE Plus corporation,성남 서현역,https://kr.indeed.com/viewjob?jk=cef60a5a4a42fe95
Data Analyst,토스,서울 강남구,https://kr.indeed.com/viewjob?jk=e393fa440b668be7
[큐셀] 시스템개발팀 경력사원 (시스템개발팀 Data Scientist),한화솔루션,서울 중구,https://kr.indeed.com/viewjob?jk=38147e024cf3f00f
Healthcare Real World Data Analyst 담당자,IQVIA,서울,https://kr.indeed.com/viewjob?jk=a746de9c7a6168ef
Senior Specialist Consultant - AI/ML,Amazon Web Services Korea LLC,서울,https://kr.indeed.com/viewjob?jk=b51ca785a45edf17
분석실 - 베이지안 분석 전문가,Nexon,성남 분당구,https://kr.indeed.com/viewjob?jk=19b44e0d17d112e2
[모아리포트] 개발팀 / 백엔드 엔지니어,버즈니,서울,https://kr.indeed.com/viewjob?jk=3b8b8e19a432077d
[경력] 지도 구축 솔루션 개발,현대엠엔소프트,서울 용산구,https://kr.indeed.com/viewjob?jk=3fa3834bb999829b
Data Scientist (LINE TIMELINE),LINE Plus corporation,성남 서현역,https://kr.indeed.com/viewjob?jk=747e809417b65ce3
파이썬SW 금융분야 특화 챗봇 개발 함께 할 엔지니어,파운트,서울 충정로역,https://kr.indeed.com/viewjob?jk=ffd9cedb23e97344
클라우드 인프라 운영 담당자 모집,넷마블,서울 구로구,https://kr.indeed.com/viewjob?jk=bcd2f0630e298aa3
메시지발송 플랫폼 개발자,Nexon,성남 분당구,https://kr.indeed.com/viewjob?jk=eaee1538d8cc832f
[멜론] 빅데이터 서비스 개발자,카카오,성남 판교역,https://kr.indeed.com/viewjob?jk=3e2a310c9dd0f693
Developers,Coinplug,경기도 성남,https://kr.indeed.com/viewjob?jk=9a9e91ae6092ed2d
[커머스플랫폼(결제)] 개발팀 / 백엔드 엔지니어,버즈니,서울,https://kr.indeed.com/viewjob?jk=6fc4e90d77d06c62
백엔드 개발자(데이터 엔지니어) - Junior,유저해빗,서울 마포구,https://kr.indeed.com/viewjob?jk=0d5c5371dd25b265
[Clova] Clova AI AiCall 개발자 경력사원,네이버,서울,https://kr.indeed.com/viewjob?jk=7db25ada717266e0
Software Developer - Front-End / Back-End,AITRICS,서울,https://kr.indeed.com/viewjob?jk=5123207a169f90eb
Datacenter Engineer (강원도 춘천 근무),Oracle,서울,https://kr.indeed.com/viewjob?jk=9e1ab356c0d2de12
악성코드 및 엔드포인트 위협 대응 보안 엔지니어 (경력),카카오,성남 판교역,https://kr.indeed.com/viewjob?jk=7e259408fd9b4f9c
경험최적화파트 - 데이터 사이언티스트/분석가,Nexon,성남 분당구,https://kr.indeed.com/viewjob?jk=c6e0b428a62c7eaa
Web 개발(이커머스 파트)_PHP/CodeIgniter/Javascript,버드뷰,서울 마포구,https://kr.indeed.com/viewjob?jk=3292e81e43884c67
모바일 앱 보안 솔루션 개발부문,스틸리언,서울 용산구,https://kr.indeed.com/viewjob?jk=6718bba08ef6e20b
[기술기획] DevOps 플랫폼 개발자,한국카카오은행,성남 분당구,https://kr.indeed.com/viewjob?jk=570c43bc6887feb7
[Search] NAVER Search 이미지 검색서버개발 신입/경력사원,네이버,서울,https://kr.indeed.com/viewjob?jk=a771637c0eeffc26
TOAST CAM 임베디드 개발,NHN,성남 판교역,https://kr.indeed.com/viewjob?jk=1a75ce748c5f24e9
데이터 사이언티스트 지향하는 데이터 엔지니어,카카오,성남 판교역,https://kr.indeed.com/viewjob?jk=385c58c7ced1d77b
백엔드 개발자 (경력),크로스앵글,서울 반포동,https://kr.indeed.com/viewjob?jk=af5683389907a8c9
[Search] 글로벌 검색 서비스 개발,네이버,서울,https://kr.indeed.com/viewjob?jk=bd77137b5b82c7e0
[AI Lab] AI 백엔드 엔지니어,버즈니,서울,https://kr.indeed.com/viewjob?jk=39d1abf861dbdb6e
[홈쇼핑모아] 핵심기능 개발팀 / 백엔드 엔지니어,버즈니,서울,https://kr.indeed.com/viewjob?jk=513eac573df04da8
웹/앱 프론트엔드 개발자,에이치랩,서울 마포구,https://kr.indeed.com/viewjob?jk=e7bede7841f3aeae
Cloud Support Eng. II (SCD),Amazon Web Services Korea LLC,서울,https://kr.indeed.com/viewjob?jk=1ce368e5c2440cef
Data Scientist,토스,서울 강남구,https://kr.indeed.com/viewjob?jk=f5f5f902d240ac96
"Specialist Solutions Architect III, AI/ML",Amazon Web Services Korea LLC,서울,https://kr.indeed.com/viewjob?jk=2625bdacef9c5d08
Senior Full-stack Developer,Asiance,서울,https://kr.indeed.com/viewjob?jk=978edf4ea4db4d6c
[TmaxAI/기술] 기술지원 엔지니어,티맥스소프트,성남 분당구,https://kr.indeed.com/viewjob?jk=94bbaed0e8988ea6
데브옵스개발팀 - 웹 프로그래머,Nexon,성남 분당구,https://kr.indeed.com/viewjob?jk=c78a3c5d7bb7d883
현대오트론 차량용 반도체/전장SW 전문가 경력 상시,현대오트론,서울 강남구,https://kr.indeed.com/viewjob?jk=38863766ef858bdf
"드론 데이터 스타트업, 엔젤스윙 엔지니어",엔젤스윙,서울 관악구,https://kr.indeed.com/viewjob?jk=d017610d9828199c
[던전앤파이터] 2D/3D 그래픽 기술개발 부문 TA,네오플,서울 강남구,https://kr.indeed.com/viewjob?jk=22f7b14e98d420c7
보안 개발자 모집,넷마블,서울 구로구,https://kr.indeed.com/viewjob?jk=b9a9af798e9d24a5
데이터플랫폼 개발자 모집,넷마블,서울 구로구,https://kr.indeed.com/viewjob?jk=025677c2637bef23
"모빌리티 기업 렌카, 데이터 분석 담당자",렌카,서울 광진구,https://kr.indeed.com/viewjob?jk=fd3f8b6962423c98
Cloud Support Eng. II (Net),Amazon Web Services Korea LLC,서울,https://kr.indeed.com/viewjob?jk=cfdd56fef2ec9c47
Analog Design Engineer(High-Speed Interface),Synopsys,경기도 성남,https://kr.indeed.com/viewjob?jk=d74aa20a454507fd
[기술플랫폼실] 보안 기술 개발자 영입,카카오페이,성남 분당구,https://kr.indeed.com/viewjob?jk=23684e42929f63a1
Business Data Analyst,Soomgo,서울 강남구,https://kr.indeed.com/viewjob?jk=166aa0c72e94a266
WebRTC UC & Collaboration Backend Developer,에릭슨엘지,서울 금천구,https://kr.indeed.com/viewjob?jk=3f669b76db1ddd42
[Search] [Vision] Computer Vision Engineer 신입/경력사원,네이버,서울,https://kr.indeed.com/viewjob?jk=fe383fbe18dc32e1
위시켓과 함께할 서버개발자님,위시켓,서울 강남구,https://kr.indeed.com/viewjob?jk=a3a65a4d59061430
동남아 모바일 대출 기획 및 운영,LINE Plus corporation,성남 판교역,https://kr.indeed.com/viewjob?jk=0c1f05a0f45f5b4e
[ 2020 YG ENTERTAINMENT ] 정보관리 경력 (IT시스템 개발) - 상시 채용,YG 엔터테인먼트,서울 합정동,https://kr.indeed.com/viewjob?jk=dab3f72b35f4bc7e
서버 개발자,비스퀘어,성남 분당구,https://kr.indeed.com/viewjob?jk=ea5b9b6b81207221
Security Engineer (모의해킹/취약점 점검),토스 증권,서울 강남구,https://kr.indeed.com/viewjob?jk=b1b1b1e754bccf6b
[Autonomous Driving] Virtual Environment Simulation Engineer,네이버,서울,https://kr.indeed.com/viewjob?jk=5ed0334bca0963cb
검색서비스 서버 개발 신입/경력,포티투마루,서울 관악구,https://kr.indeed.com/viewjob?jk=e010f7780d479126
[홈쇼핑모아] 개발팀 / 백엔드 엔지니어,버즈니,서울,https://kr.indeed.com/viewjob?jk=6d0388270778d803
카카오 광고 서비스 알고리즘 및 시스템 개발,카카오,성남 판교역,https://kr.indeed.com/viewjob?jk=afe92c03320fe1b3
Data Analyst - Machine Learning,PUBG,서울,https://kr.indeed.com/viewjob?jk=d7a956b1cfbdd014
매칭팀 - 프로그래머,Nexon,성남 분당구,https://kr.indeed.com/viewjob?jk=b83e48f219011128
[경력] 음성인식 엔진 개발,현대엠엔소프트,서울 용산구,https://kr.indeed.com/viewjob?jk=5bdf968fa6fc2f72
[경력] 빅데이터 플랫폼 엔지니어,카카오,성남 판교역,https://kr.indeed.com/viewjob?jk=61ecdc0ef3cfb66a
마케팅 데이터 엔지니어 모집,넷마블,서울 구로구,https://kr.indeed.com/viewjob?jk=9ccf3e3afe262bf8
"경력 웹개발자 [PHP,MYSQL]",엠비아이솔루션,서울 마포구,https://kr.indeed.com/viewjob?jk=a44ca05975d80555
[2020년 수도권 혁신기업 온라인 박람회]엠아이큐브솔루션(주) 2020 각 부문 경력,엠아이큐브솔루션,서울 서초구,https://kr.indeed.com/viewjob?jk=a94d025441879ed9
[홈쇼핑모아] 개발팀 / 데이터 엔지니어,버즈니,서울,https://kr.indeed.com/viewjob?jk=ceb8243bc8ae3c35
"IOT하드웨어 경력 / 유망 IOT, 학습용 로봇회사",타겟컨설팅,서울 강남구,https://kr.indeed.com/viewjob?jk=696bd888225c1898
[Mobile] 데이터 개발 (인프라),PUBG,서울,https://kr.indeed.com/viewjob?jk=48ab3226e83d9f51
Platform/BSP SW APPS Engineering - Engineer/Sr. Engineer,Qualcomm,서울,https://kr.indeed.com/viewjob?jk=801392fe044e4ba7
[유명 인터넷 금융사] 클라우드 플랫폼 개발자 (과장급),제이앤피에이치알컨설팅,성남 분당구,https://kr.indeed.com/viewjob?jk=b02405473c3cf39d
Security Engineer (모의해킹/취약점 점검),토스 페이먼츠,서울 강남구,https://kr.indeed.com/viewjob?jk=241ae1e7499c461c
AR App Engineer,하이퍼커넥트,서울,https://kr.indeed.com/viewjob?jk=f0651a7717791bc3
[KSTEC] 통계/Analytics 경력사원,지식시스템,성남 분당구,https://kr.indeed.com/viewjob?jk=98eda6357d477f9a
테크센터개발팀 - 웹 프로그래머,Nexon,성남 분당구,https://kr.indeed.com/viewjob?jk=5f18c149379506cd
IC 설계자동화(EDA) 소프트웨어 아날로그/혼성신호 모델 개발자 신입사원,사이언티픽아날로그랩스,서울 서초구,https://kr.indeed.com/viewjob?jk=ae406e8ca03c5d67
Database / Advanced Support Engineer,Oracle,서울,https://kr.indeed.com/viewjob?jk=c7fcbf1ff4218637
Performance Marketer (SA 중심),Soomgo,서울 강남구,https://kr.indeed.com/viewjob?jk=08ac4426aa2a7bed
SAP Architect,Amazon Web Services Korea LLC,서울,https://kr.indeed.com/viewjob?jk=71cc50dea3a2e683
Cloud Infrastructure Architect,Amazon Web Services Korea LLC,서울,https://kr.indeed.com/viewjob?jk=d9470ee259f7457b
Data Architect,Amazon Web Services Korea LLC,서울,https://kr.indeed.com/viewjob?jk=5d9a7b29a92fc3da
Blockchain Platform Software Development Engineer in Test,LINE Plus corporation,성남 서현역,https://kr.indeed.com/viewjob?jk=f42cfcf426b3302d
엔미디어플랫폼 데이터베이스 관리자 (DBA) 인재 안내,리더스소프트,성남 분당구,https://kr.indeed.com/viewjob?jk=c1ac641cd0649dd3
데이터 사이언스 전문가 및 머신러닝 전문가,카카오,성남 판교역,https://kr.indeed.com/viewjob?jk=85929aac498299cc
백엔드 개발자 (데이터 엔지니어) Senior,유저해빗,서울 마포구,https://kr.indeed.com/viewjob?jk=452f37372f9f6309
"기술연구소 정규직 연력(Java, Python, 기타)및 개발자 (신입,경력)",파인씨앤아이,서울,https://kr.indeed.com/viewjob?jk=de5f5bde83fd2de0
Web / Spring Framework Developer (EMS),에릭슨엘지,서울 금천구,https://kr.indeed.com/viewjob?jk=0b50debe4a11a280
Android Software Engineer,하이퍼커넥트,서울,https://kr.indeed.com/viewjob?jk=ecc4154e1f4d28a8
DRE - Build Engineer,Success Korea,서울,https://kr.indeed.com/viewjob?jk=ee7e4f2e5d69f84c
사내 시스템 (O365) 구축/관리 엔지니어,Nexon,성남 분당구,https://kr.indeed.com/viewjob?jk=b4bd6d5bad3b761c
Data Scientist,Soomgo,서울 강남구,https://kr.indeed.com/viewjob?jk=917cc06120add6e1
[Search] 네이버 웹검색 연구/개발 경력사원,네이버,서울,https://kr.indeed.com/viewjob?jk=37127548f83bb7f7
데이터연동개발팀 - 데이터엔지니어,Nexon,성남 분당구,https://kr.indeed.com/viewjob?jk=5b8d56d7f11903a2
[TmaxData/기술] 제품 QA 신입 및 경력,티맥스소프트,성남 분당구,https://kr.indeed.com/viewjob?jk=4748e811a127acfc
Cloud Infrastructure Architect,Amazon Web Services Korea LLC,서울,https://kr.indeed.com/viewjob?jk=d9470ee259f7457b
[KSTEC] 2020년 경력 사원 (SW개발자),지식시스템,성남 분당구,https://kr.indeed.com/viewjob?jk=0dd0d9fde7f874cb
DevOps Engineer,토스 증권,서울 강남구,https://kr.indeed.com/viewjob?jk=5d2bbe4c649db4f4
Web / Spring Framework Developer (EMS),에릭슨엘지,서울 금천구,https://kr.indeed.com/viewjob?jk=0b50debe4a11a280
[유명 인터넷 금융사] 클라우드 플랫폼 개발자 (과장급),제이앤피에이치알컨설팅,성남 분당구,https://kr.indeed.com/viewjob?jk=b02405473c3cf39d
"Specialized Solutions Architect III, Analytics",Amazon Web Services Korea LLC,서울,https://kr.indeed.com/viewjob?jk=1961cdd73f62c880
게임이상탐지팀 서비스 개발자,Nexon,성남 분당구,https://kr.indeed.com/viewjob?jk=e787fde04b998e1a
데이터연동개발팀 - 데이터엔지니어,Nexon,성남 분당구,https://kr.indeed.com/viewjob?jk=5b8d56d7f11903a2
"인공지능(AI), 딥러닝 경력 정규직",스칼라웍스,서울 금천구,https://kr.indeed.com/viewjob?jk=8c4a3a7f8bc104a3
Healthcare Real World Data Analyst 담당자,IQVIA,서울,https://kr.indeed.com/viewjob?jk=a746de9c7a6168ef
System Engineer,토스 뱅크,서울 강남구,https://kr.indeed.com/viewjob?jk=80dea8b8353c3ee0
[Robotics] Deep Reinforcement Learning Engineer,네이버,서울,https://kr.indeed.com/viewjob?jk=05d6f01f9a494a1b
Linux Specialist,토스,서울 강남구,https://kr.indeed.com/viewjob?jk=6d158e8e6a242927
"모바일 앱 서버 개발(Java, Python)",휴먼디지털,서울,https://kr.indeed.com/viewjob?jk=16dff836029458af
[KSTEC] 통계/Analytics 경력사원,지식시스템,성남 분당구,https://kr.indeed.com/viewjob?jk=98eda6357d477f9a
서울 강남구 인썸니아 시니어 개발자 및 퍼블리셔,인썸니아,서울 서초구,https://kr.indeed.com/viewjob?jk=6c1d50662fa2d7f7
DX혁신부문 Tech Lab Senior Machine Learning & AI(Data professional) 정규직,이투스교육,서울 강남구,https://kr.indeed.com/viewjob?jk=9b09565fe78ef392
ERP 담당자 모집,넷마블,서울 구로구,https://kr.indeed.com/viewjob?jk=68875cf86f31569e
DB 엔지니어 모집(DBA),넷마블,서울 구로구,https://kr.indeed.com/viewjob?jk=613223ed43a69d4f
[검색플랫폼] 검색시스템 개발자,카카오엔터프라이즈,성남 분당구,https://kr.indeed.com/viewjob?jk=03c348f581125403
Data Specialist (Scientist&&Engineer),아우름플래닛,서울 마포구,https://kr.indeed.com/viewjob?jk=dd4d8e59a4a9265d
[Clova] 음성 합성 기술 개발 신입/경력사원,네이버,서울,https://kr.indeed.com/viewjob?jk=e18dbcd921d9633b
고성능 게임 피드백 서버 개발,Nexon,성남 분당구,https://kr.indeed.com/viewjob?jk=952e0a8d9bac4aea
Cloud Solution Architect (Azure Apps and Infra),Microsoft,서울,https://kr.indeed.com/viewjob?jk=3e1c8b106e9c3888
[카카오 클라우드] 플랫폼 포털 개발자,카카오,성남 판교역,https://kr.indeed.com/viewjob?jk=383d4c8a7156b52b
ISV Cloud Architect,Oracle,서울,https://kr.indeed.com/viewjob?jk=fe5414158656f438
[Search] 음악 추천 AI 기술 개발 신입/경력사원,네이버,서울,https://kr.indeed.com/viewjob?jk=6e76f9151e44ad64
Data Scientist,Soomgo,서울 강남구,https://kr.indeed.com/viewjob?jk=917cc06120add6e1
[Autonomous Driving] Software Tool Engineer,네이버,서울,https://kr.indeed.com/viewjob?jk=84348b9371558933
[TmaxData/기술] 제품 QA 신입 및 경력,티맥스소프트,성남 분당구,https://kr.indeed.com/viewjob?jk=4748e811a127acfc
Data Engineer,레이니스트,서울,https://kr.indeed.com/viewjob?jk=02dd3cb5f0906404
(기술플랫폼실) 신규 사업 BI 시스템 구축 및 운영 담당자 영입,카카오페이,성남 분당구,https://kr.indeed.com/viewjob?jk=479b7f46a87002c7
데이터분석가(게임어뷰징 탐지),Nexon,성남 분당구,https://kr.indeed.com/viewjob?jk=ea3b136c0ff59524
경험최적화파트 - 머신러닝 엔지니어,Nexon,성남 분당구,https://kr.indeed.com/viewjob?jk=7bf179a290a157b2
백엔드 개발자,뉴트리션코트,서울 강남구,https://kr.indeed.com/viewjob?jk=d621cbb75440764e
[Anti-Cheat] Data Analyst,PUBG,서울,https://kr.indeed.com/viewjob?jk=17b03ebf96f6e2db
[Clova] Clova 머신러닝 Scientist 개발 신입/경력사원,네이버,서울,https://kr.indeed.com/viewjob?jk=257110e5aec08f6d
[Robotics] Robot Software Engineer,네이버,서울,https://kr.indeed.com/viewjob?jk=2531a0c578f5ca30
연구소 SW 연구원 경력,티모테크놀로지,성남 중원구,https://kr.indeed.com/viewjob?jk=1bf4aa2af2940f4a
DevOps Engineer,하이퍼커넥트,서울,https://kr.indeed.com/viewjob?jk=3d8e270a47a88295
웹 프로그램 개발(청년인턴 참여기업),에스알포스트,서울 구로동,https://kr.indeed.com/viewjob?jk=0fd57358237fe98e
[큐셀] 시스템개발팀 경력사원 (시스템개발팀 Embedded SW 개발자 담당자),한화솔루션,서울 중구,https://kr.indeed.com/viewjob?jk=407c2df519bda99a
"Solutions Architect II - AMAZON Web Services, Korea",Amazon Web Services Korea LLC,서울,https://kr.indeed.com/viewjob?jk=22cc9035181520d4
[클라우드서비스] 언더클라우드 서버 개발자,카카오엔터프라이즈,성남 분당구,https://kr.indeed.com/viewjob?jk=37e45230ce267de3
한글 Q&A 시스템 연구 개발 신입/경력사원,포티투마루,서울 관악구,https://kr.indeed.com/viewjob?jk=6f88041c28b6c1ae
Data Engineer,하이퍼커넥트,서울,https://kr.indeed.com/viewjob?jk=e0506fe72721e74d
빅데이터기반 인공지능 네트워크/보안 개발자 정규직,온시큐리티,서울 송파구,https://kr.indeed.com/viewjob?jk=2c229768afa02d2d
"개발자 (음성인식, 자연어처리, 인공지능)",한빛소프트,서울 금천구,https://kr.indeed.com/viewjob?jk=a515b03b6961e2cf
[KSTEC] RPA 시스템 개발 경력사원,지식시스템,성남 분당구,https://kr.indeed.com/viewjob?jk=84f73ebfe4ff1e8b
[카카오 클라우드] 클라우드 개발자(Monitoring as a Service),카카오,성남 판교역,https://kr.indeed.com/viewjob?jk=6b65a5a35da64ed3
Cross Border Ecommerce - Business Intelligence (Based in Seoul),Shopee,서울,https://kr.indeed.com/viewjob?jk=b574f1454ae36aab
"영상관제 및 스마트시티 보안 솔루션 개발 (C,C++)",비에이블컨설팅그룹,서울 구로구,https://kr.indeed.com/viewjob?jk=76070a50b4e987b8
Data Engineer,고도소프트,서울 구로구,https://kr.indeed.com/viewjob?jk=68ee194a9d487aac
Data Engineer,NHN godo,서울 구로구,https://kr.indeed.com/viewjob?jk=3a8cf7e51ca14e44
[Search] [Vision] Computer Vision Engineer 체험형 인턴,네이버,서울,https://kr.indeed.com/viewjob?jk=a41d35173ffe4666
LINE PC 클라이언트 개발,LINE Plus corporation,성남 서현역,https://kr.indeed.com/viewjob?jk=9f70eb1ab4bf6a52
현대오토에버 R&D부문 신입/경력 석박사 인재 (네트웍 기술),현대오토에버,서울 강남구,https://kr.indeed.com/viewjob?jk=9ea10129b7ede65c
2020 Market Data Analyst - Seoul (Korean Speaker),Bloomberg,서울,https://kr.indeed.com/viewjob?jk=212ca67d161b7162
카카오톡 보이스톡/페이스톡/라이브톡 개발자,카카오,성남 판교역,https://kr.indeed.com/viewjob?jk=d585814d097935eb
R&D 인공지능/딥러닝 / UNITY 신입,스칼라웍스,서울 금천구,https://kr.indeed.com/viewjob?jk=df4340b7b440221b
인프라 플랫폼 개발자,고도소프트,서울 구로구,https://kr.indeed.com/viewjob?jk=2b1c5b35b97700fc
(병역특례 보충역 00명 ) 모니터링 / 운영 툴 개발,아이앤아이소프트,성남 분당구,https://kr.indeed.com/viewjob?jk=5e6e506c2395c21b
[AI검색플랫폼] 머신러닝 개발자,카카오엔터프라이즈,성남 분당구,https://kr.indeed.com/viewjob?jk=dea246efe3aa55a7
(주)제이디솔루션 2020년도 상반기 개발부문,제이디솔루션,서울 금천구,https://kr.indeed.com/viewjob?jk=dbe87c84ae4d5ecb
Solutions Architect - Amazon Connect,Amazon Web Services Korea LLC,서울,https://kr.indeed.com/viewjob?jk=5c6723a17ad467f6
[반도체IP 기업] Video Codec - RTL Design/Verification (Jr/Sr급),커리어라임즈,서울,https://kr.indeed.com/viewjob?jk=0ff9e94d3189b3a3
Senior Specialist Consultant - AI/ML,Amazon Web Services Korea LLC,서울,https://kr.indeed.com/viewjob?jk=b51ca785a45edf17
"Sales Engineer, Sr II",Synopsys,서울,https://kr.indeed.com/viewjob?jk=cb663654c2b397f3
"(국비무료/수당지급) 빅데이터분석, UI/UX 퍼블리싱, 인터렉티브 앱/웹 과정",한국직업전문학교,서울,https://kr.indeed.com/viewjob?jk=50a39d1853abb62f
Cross Border Ecommerce - Business Intelligence (Based in Seoul),Shopee,서울,https://kr.indeed.com/viewjob?jk=b574f1454ae36aab
MongoDB Engineer,카카오,성남 판교역,https://kr.indeed.com/viewjob?jk=2695294aea6dc3b6
Data Scientist,레이니스트,서울,https://kr.indeed.com/viewjob?jk=c4146edac244e5a5
카카오톡 보이스톡/페이스톡/라이브톡 개발자,카카오,성남 판교역,https://kr.indeed.com/viewjob?jk=d585814d097935eb
Data Operator,레이니스트,서울,https://kr.indeed.com/viewjob?jk=4a1eb35a90ef798a
Senior Back-End Developer,Asiance,서울,https://kr.indeed.com/viewjob?jk=cdb73ed97e74098a
[NIT Service] NAVER IDC 서버 운영/관리(가산),엔아이티서비스,서울 금천구,https://kr.indeed.com/viewjob?jk=7cd2c7c1940d523d
빅데이터 분석 기술인력,한국정보기술단,과천 과천시,https://kr.indeed.com/viewjob?jk=08ac3f5ae6806ecd
R&D 인공지능/딥러닝 / UNITY 신입,스칼라웍스,서울 금천구,https://kr.indeed.com/viewjob?jk=df4340b7b440221b
인프라 플랫폼 개발자,고도소프트,서울 구로구,https://kr.indeed.com/viewjob?jk=2b1c5b35b97700fc
RTL 및 ASIC 설계 엔지니어(딥러닝 하드웨어 프로세서 개발),딥엑스,성남 분당구,https://kr.indeed.com/viewjob?jk=694ab958318e7fdc
Site Engineer (Seoul),Motion2AI,서울,https://kr.indeed.com/viewjob?jk=8da5c72baf146123
"Principal, Strategic Planning",Coupang,서울,https://kr.indeed.com/viewjob?jk=8b29e16a2f9665f2
Quantitative Developer,Terra,서울,https://kr.indeed.com/viewjob?jk=6b11eb34948c87ae
Python Programmer,Mofac,서울 서초구,https://kr.indeed.com/viewjob?jk=df21e3bb5d773616
Frontend Developer (Javascript/React),Bepro Company,서울,https://kr.indeed.com/viewjob?jk=d11342cfe074df78
데이터 분석가 / Business Analyst,Bagelcode,서울,https://kr.indeed.com/viewjob?jk=f10477b81840d778
Business Analyst (Search and Discovery Analytics),Coupang,서울,https://kr.indeed.com/viewjob?jk=8d0b3a79363b5a69
Back-end Software Engineer,Bear Robotics,서울,https://kr.indeed.com/viewjob?jk=431c80cac460aa33
SOFTWARE ENGINEER - BACKEND,"ODK Media, Inc.",서울 강남구,https://kr.indeed.com/viewjob?jk=6e4170888fdd92a5
Software Engineer - Real-time Chat Platform,Sendbird,서울,https://kr.indeed.com/viewjob?jk=701b04f0ab18c3d0
Sales Engineer (APAC),Sendbird,서울,https://kr.indeed.com/viewjob?jk=e38f22d6852a857a
[Talent Pool] Full-Stack Developer,Calm Island,서울,https://kr.indeed.com/viewjob?jk=9e820d9166d806d1
Senior Business Analyst (Retail Program Management),Coupang,서울,https://kr.indeed.com/viewjob?jk=7772fd53bc80acde
"대기업 연구센터 IoT기술(Discrete Event System,머신러닝) 개발",대기업 (IT기업),서울,https://kr.indeed.com/viewjob?jk=514bfca9dfdf6581
[수시] ESTsecurity 서버/백엔드 개발 (경력),ESTsecurity,서울 서초구,https://kr.indeed.com/viewjob?jk=a22d7b630bff33ea
백엔드 개발자,Glocalize Inc,서울,https://kr.indeed.com/viewjob?jk=6d2c00f8b97c0faa
AI 미디어( IPTV ) 서비스 기술개발 - 대기업연구센터,대기업 (유명그룹사),서울,https://kr.indeed.com/viewjob?jk=0d49e5a31e68eb2d
"대기업 (연구센터) NLP 경력자, 석사이상",차량IT 전문 기업 (대기업),서울,https://kr.indeed.com/viewjob?jk=32ffd5cf28668993
Front-end Developer,"Miso, inc",서울,https://kr.indeed.com/viewjob?jk=9f7d7cbe5e172a01
"Senior Manager, Business Analysis (CRM)",Coupang,서울,https://kr.indeed.com/viewjob?jk=e75ddeeb278d91f2
글로벌 웹사이트 Adobe Analytics 분석,외국계 대형 디지털마케팅 회사,서울 강남구,https://kr.indeed.com/viewjob?jk=ba58cafe5aaed979
"Principal, Quantitative UX Researcher (UX Research)",Coupang,서울,https://kr.indeed.com/viewjob?jk=c27d03dfa899ae11
FX,Mofac,서울 서초구,https://kr.indeed.com/viewjob?jk=9214061c8bc345b2
Principal Business Analysis (Logistics Support),Coupang,서울,https://kr.indeed.com/viewjob?jk=ec311e5136ff2c6e
Back End Software Engineer,Sendbird,서울,https://kr.indeed.com/viewjob?jk=615168b399422305
Business Data Analyst 경력자 채용,Coupang,서울,https://kr.indeed.com/viewjob?jk=2e471d0cf19be66c
"대화 솔루션 기술개발 (인공지능, NLP, 챗봇) - 대기업연구센터",대기업 (유명그룹사),서울,https://kr.indeed.com/viewjob?jk=417ee4ce50f6a2d0
웹개발자,매장공유기 서비스,서울,https://kr.indeed.com/viewjob?jk=528f6bfd19115fe1
"Principal, System Engineer (Coupang Pay_Fintech Infra)",Coupang,서울,https://kr.indeed.com/viewjob?jk=df74b7da19e7058c
Junior and/or Senior Engineers for MySQLDatabase Services,Success Korea,서울,https://kr.indeed.com/viewjob?jk=882ce3f45214f1b1
"Principal, Business Analysis (Coupang Eats)",Coupang,서울,https://kr.indeed.com/viewjob?jk=2cca42ee0951d4be
Pipeline TD,Mofac,서울 서초구,https://kr.indeed.com/viewjob?jk=1d98c46b4900b7e6
Back-end Developer,"Miso, inc",서울,https://kr.indeed.com/viewjob?jk=80d3108dade97b0f
시스템 프로그래머,에너지 거래소 및 에너지데이터 중개,서울,https://kr.indeed.com/viewjob?jk=33fbfcd01ae23602
"Principal, Business Analysis (eCommerce Finance)",Coupang,서울,https://kr.indeed.com/viewjob?jk=1ea7188c1b87f679
[수시] ESTsecurity 웹프론트 개발 채용(경력),이스트시큐리티,서울 서초구,https://kr.indeed.com/viewjob?jk=977529f65769df3a
VP of Engineering,"Miso, inc",서울,https://kr.indeed.com/viewjob?jk=f5db97b4d95cbc04
[수시] ZUM 데이터 엔지니어 (경력),zum,서울 서초구,https://kr.indeed.com/viewjob?jk=0b06569e20a009f7
Full Stack Developer,"Miso, inc",서울,https://kr.indeed.com/viewjob?jk=754348a9c3f08d66
시스템 엔지니어,Success Korea,서울 쌍림동,https://kr.indeed.com/viewjob?jk=0e7e7fe884a77d10
Sr. Back-end Engineer (Query Understanding),Coupang,서울,https://kr.indeed.com/viewjob?jk=0df2999925f12355
Logic Design 엔지니어,외국계 ASIC SoC 디자인회사,성남 분당구,https://kr.indeed.com/viewjob?jk=830908a2ff101083
"Sr. Manager, Data Engineering (Data Platform)",Coupang,서울,https://kr.indeed.com/viewjob?jk=61b74d6410db2780
TA,제이씨이,성남 분당구,https://kr.indeed.com/viewjob?jk=8eca56448e2574c8
React Native Developer,"Miso, inc",서울,https://kr.indeed.com/viewjob?jk=315c65b8337d3e7a
머신러닝 개발자,Success Korea,서울,https://kr.indeed.com/viewjob?jk=2900b41c0b091e46
리서치,Success Korea,서울 광화문역,https://kr.indeed.com/viewjob?jk=f0603bbde8b3a8a0
"Principal, Office365 SaaS Application Engineer (Corporate IT Applications)",Coupang,서울,https://kr.indeed.com/viewjob?jk=8c8b1c8fee606a46
"[R0001563] Principal, Back-end Engineer (SCM Insights)",Coupang,서울,https://kr.indeed.com/viewjob?jk=f59ae6a493eec795
Operations Associate,Beam,서울,https://kr.indeed.com/viewjob?jk=e58c6fe6fd87f03e
[정보보안] 보안분석 플랫폼 개발 및 운영 담당자,한국카카오은행,성남 분당구,https://kr.indeed.com/viewjob?jk=94bf3c1c1c64fc87
현대오토에버 R&D부문 신입/경력 석박사 인재,현대오토에버,서울 강남구,https://kr.indeed.com/viewjob?jk=47e5de6304704981
[Search] 글로벌 콘텐츠 검색/ AI 기술 개발 신입/경력사원,네이버,서울,https://kr.indeed.com/viewjob?jk=90104004fabe2502
카카오 네트워크 엔지니어,카카오,성남 판교역,https://kr.indeed.com/viewjob?jk=f281c810daf0e10d
[경력] 데이터 아키텍트(DA),현대엠엔소프트,서울 용산구,https://kr.indeed.com/viewjob?jk=312454e44592db50
딥러닝 알고리즘 및 응용 Engineer,딥엑스,성남 분당구,https://kr.indeed.com/viewjob?jk=07a8bb63e26d141c
Associate Solutions Architect - Application Architecture Focused Solutions Architect I,Amazon Web Services Korea LLC,서울,https://kr.indeed.com/viewjob?jk=582d5b309ee4202c
Lead Technical Solutions Engineer,MightyHive,서울,https://kr.indeed.com/viewjob?jk=ae2c6294bc277408
[NIT Service] NAVER IDC 서버 운영/관리(가산),엔아이티서비스,서울 금천구,https://kr.indeed.com/viewjob?jk=7cd2c7c1940d523d
데이터 엔지니어,크로스앵글,서울 반포동,https://kr.indeed.com/viewjob?jk=ae15250b0a7f47e0
[서울지사] 데이터 분석가,네오플,서울 강남구,https://kr.indeed.com/viewjob?jk=3d0fef92805a8c7c
Credit Risk 모델러,토스 뱅크,서울 강남구,https://kr.indeed.com/viewjob?jk=ad3dfd853ea7ef40
[포티투마루] 전문연구요원 병역특례 인공지능 개발자,포티투마루,서울 관악구,https://kr.indeed.com/viewjob?jk=a58c48ff1cf0ac4d
Tech U Associate Technical Trainer - 2020 Korea,Amazon Web Services Korea LLC,서울,https://kr.indeed.com/viewjob?jk=a8b83b3070bb370a
플랫폼 채팅모듈 개발자,Nexon,성남 분당구,https://kr.indeed.com/viewjob?jk=3b752abecf619fe5
게임 인공지능(AI),Success Korea,성남 분당구,https://kr.indeed.com/viewjob?jk=eade43a056215708
IT 데이터 분석 전문가,Success Korea,서울,https://kr.indeed.com/viewjob?jk=633275d4c482a753
저축은행 디지털마케팅본부 데이터분석 경력자,국내자본 저축은행,서울 구로구,https://kr.indeed.com/viewjob?jk=074bbbc1b7c4d596
저축은행 앱마케팅팀,국내자본 저축은행,서울 구로구,https://kr.indeed.com/viewjob?jk=35cefd4d91c7b366
Text 분석,Success Korea,서울,https://kr.indeed.com/viewjob?jk=60097047695d7c71
빌링서버 개발자,Success Korea,서울,https://kr.indeed.com/viewjob?jk=d9f1c1b5579f37c4
고객데이터 분석,Success Korea,서울,https://kr.indeed.com/viewjob?jk=71dfe9e7b0f2643b
플랫폼 백엔드 개발,Success Korea,서울,https://kr.indeed.com/viewjob?jk=9a159041784041c1
RDBMS / NoSQL 운영,Success Korea,성남 분당구,https://kr.indeed.com/viewjob?jk=6679e8bd774098f8
Data Analyst (5년이상),Success Korea,서울,https://kr.indeed.com/viewjob?jk=4075d8bfdc15d56d
디지털LAB 신기술파트,국내자본 저축은행,서울 구로구,https://kr.indeed.com/viewjob?jk=d24428ed26f0b058
저축은행 소비자금융 Data Science,국내자본 저축은행,서울 구로구,https://kr.indeed.com/viewjob?jk=9cd311595b3e4bea
"Senior, Software Engineer (Search Quality Assurance)",Coupang,서울,https://kr.indeed.com/viewjob?jk=7a08f5e589b10a00
빅데이터 플랫폼 운영 및 분석구현,Success Korea,서울,https://kr.indeed.com/viewjob?jk=89d3bffd37a2487a
Data Scientist,해외송금 전문업체,서울 강남구,https://kr.indeed.com/viewjob?jk=e8d1c3f88e0b200b
긴급]Database Administrator & Data Warehouse Engineer,Success Korea,서울 강남구,https://kr.indeed.com/viewjob?jk=c483dda7deecb505
ICT 서비스본부 디지털LAB,국내자본 저축은행,서울 구로구,https://kr.indeed.com/viewjob?jk=5d6f265e064496e0
Web 개발,Success Korea,서울 중구,https://kr.indeed.com/viewjob?jk=c193b65defa6a4ec
테크니컬 아키텍트,Success Korea,서울,https://kr.indeed.com/viewjob?jk=bc4a0e62c7c3d510
[신규사업실]시니어 Back-end 개발,Success Korea,서울,https://kr.indeed.com/viewjob?jk=2cadf87cc64c38d6
SW 품질 보증 전문가,Success Korea,서울,https://kr.indeed.com/viewjob?jk=8461bfe74b0948cf
AD Machine Learning Engine 개발,Success Korea,성남 분당구,https://kr.indeed.com/viewjob?jk=86a47dc8924f3275
Technical 아티스트 (온라인),Success Korea,서울,https://kr.indeed.com/viewjob?jk=4bc1dd7c5bfa7435
영상보안 Application 개발 및 수행,Success Korea,서울 중구,https://kr.indeed.com/viewjob?jk=493a39e613f9971a
DW&BI팀 Data Engineer,Success Korea,서울,https://kr.indeed.com/viewjob?jk=38d2f5a2543582fc
저축은행 앱마케팅팀 데이터분석,국내자본 저축은행,서울 구로구,https://kr.indeed.com/viewjob?jk=0ab285258b1cb206
데이터모델링/BI기획,Success Korea,서울,https://kr.indeed.com/viewjob?jk=061758a50515258f
저축은행 디지털뱅킹팀 데이터분석,국내자본 저축은행,서울 구로구,https://kr.indeed.com/viewjob?jk=51dcabafcf7a0bb0
검색품질 담당,Success Korea,서울 삼성동,https://kr.indeed.com/viewjob?jk=d5597ab320c653af
운영(Business Operation Management) 경력자,유명메신저회사,서울 성동구,https://kr.indeed.com/viewjob?jk=caccb1d9be6bc918
데이터 분석,Success Korea,성남 분당구,https://kr.indeed.com/viewjob?jk=a3466ccc9a114807
모바일 캐쥬얼게임 데이터 분석,Success Korea,성남 분당구,https://kr.indeed.com/viewjob?jk=c67e69651d93a210
보안 엔지니어,Success Korea,성남 분당구,https://kr.indeed.com/viewjob?jk=736c75e6528f5bb4
게임서버 개발,Success Korea,성남 분당구,https://kr.indeed.com/viewjob?jk=18647b6687b43e04
서버개발 엔지니어(사원~대리),Success Korea,서울 가산디지털단지역,https://kr.indeed.com/viewjob?jk=a7b63456fe29200d
Data engineer,Success Korea,서울 공덕동,https://kr.indeed.com/viewjob?jk=cbfaf43db43ea8f9
Data Scientist (고객데이터 분석),Success Korea,서울,https://kr.indeed.com/viewjob?jk=7aa43c167847c40f
머신러닝 컨설팅 부문,Success Korea,서울 선릉역,https://kr.indeed.com/viewjob?jk=2f37b0bd72976726
Back-End 개발자 (거래소),Success Korea,서울 강남구,https://kr.indeed.com/viewjob?jk=aa33fe7923668df4
Blockchain Software Engineer,Success Korea,성남 분당구,https://kr.indeed.com/viewjob?jk=8c651677f4732df6
응용프로그래머[팀장급],Success Korea,서울 성수동,https://kr.indeed.com/viewjob?jk=12bca81588e3f9aa
응용프로그래머[초급],Success Korea,서울 성수동,https://kr.indeed.com/viewjob?jk=51e4a43ef0bb093e
FIFA - Technical Artist,Success Korea,서울,https://kr.indeed.com/viewjob?jk=9611a65456a23a06
저축은행 소비자금융본부 Data Science 팀,국내자본 저축은행,서울 구로구,https://kr.indeed.com/viewjob?jk=7376f377161ea4f2
서버개발자,Success Korea,성남 판교역,https://kr.indeed.com/viewjob?jk=5e6a30865a5ba13e
모바일게임 서버개발자 모집,Success Korea,성남 서현동,https://kr.indeed.com/viewjob?jk=52b0b1936e8b4732
게임밸런스 (게임 시뮬레이터),Success Korea,성남 분당구,https://kr.indeed.com/viewjob?jk=9681ee519a4f870e
게임플랫폼 서버개발,Success Korea,성남 서현역,https://kr.indeed.com/viewjob?jk=54a07508e05274ad
데이터 전문가,Success Korea,서울 삼성동,https://kr.indeed.com/viewjob?jk=74c4f418a78c820f
빅데이터 분석,Success Korea,서울 삼성동,https://kr.indeed.com/viewjob?jk=13513ddad0382808
응용프로그래머[초급],Success Korea,서울 성수동,https://kr.indeed.com/viewjob?jk=51e4a43ef0bb093e
하둡 엔지니어 (긴급),Success Korea,서울 강남구,https://kr.indeed.com/viewjob?jk=30a73289957a9676
전산팀 개발 담당,Success Korea,서울 역삼동,https://kr.indeed.com/viewjob?jk=2d6e7d69a6ba52d6
"FinTech 보안, Abusing 분석 및 대응",Success Korea,성남 분당구,https://kr.indeed.com/viewjob?jk=bf0a24270bcbe297
Blockchain Software Engineer,Success Korea,성남 분당구,https://kr.indeed.com/viewjob?jk=8c651677f4732df6
AD Machine Learning Engine 개발,Success Korea,성남 분당구,https://kr.indeed.com/viewjob?jk=86a47dc8924f3275
Client Software Engineer - NFS (코어 엔지니어),Success Korea,서울 강남구,https://kr.indeed.com/viewjob?jk=94186b23eca3f106
Linux Engineer,Success Korea,서울,https://kr.indeed.com/viewjob?jk=96a1ac98dcf0039c
응용프로그래머,Success Korea,서울 성수동,https://kr.indeed.com/viewjob?jk=e91a1e74c8e477b7
Effect Supervisor (경력 10년 이상) Effect Artist (신입),Mofac,서울 서초구,https://kr.indeed.com/viewjob?jk=0fea9598510abf0e
플랫폼(크라우드펀딩 혹은 마켓플레이스) IT 개발자,Success Korea,서울 강남구,https://kr.indeed.com/viewjob?jk=44419308a1995b82
API설계/개발,Success Korea,서울 선릉역,https://kr.indeed.com/viewjob?jk=4f76e06ec22d352a
Analytics Engineer,Success Korea,서울 삼성동,https://kr.indeed.com/viewjob?jk=417d3e24bac85b14
보안 개발전문가,Success Korea,서울 삼성동,https://kr.indeed.com/viewjob?jk=dcc2877b33c5b511
모바일게임 서버개발자 모집,Success Korea,성남 서현동,https://kr.indeed.com/viewjob?jk=52b0b1936e8b4732
게임밸런스 (게임 시뮬레이터),Success Korea,성남 분당구,https://kr.indeed.com/viewjob?jk=9681ee519a4f870e
게임플랫폼 서버개발,Success Korea,성남 서현역,https://kr.indeed.com/viewjob?jk=54a07508e05274ad
서버개발자,Success Korea,성남 판교역,https://kr.indeed.com/viewjob?jk=5e6a30865a5ba13e
데이터 사이언스,Success Korea,서울 강남구,https://kr.indeed.com/viewjob?jk=e694ab3767521447
System(Server) 엔지니어,Success Korea,서울 강남구,https://kr.indeed.com/viewjob?jk=10670c0104b17bd5
Media Delivery Server 개발,Success Korea,성남 분당구,https://kr.indeed.com/viewjob?jk=dae2c7e9525b116a
게임플랫폼 Client 개발,Success Korea,경기도 성남,https://kr.indeed.com/viewjob?jk=913dea5d207616b9
광고플랫폼 Data Scientist,Success Korea,성남 분당구,https://kr.indeed.com/viewjob?jk=a0b45579980662e5
DW&BI팀 Data Architect,Success Korea,서울,https://kr.indeed.com/viewjob?jk=d04d5965fd332b3e
Server Developer(PHP),Success Korea,서울,https://kr.indeed.com/viewjob?jk=c8869aca354714a1
전산실 MIS 개발 운영 담당자 채용,Success Korea,성남 판교역,https://kr.indeed.com/viewjob?jk=e96c0409b4d2b8b5
DevOps 엔지니어(과장~차장급),TV홈쇼핑,성남 판교역,https://kr.indeed.com/viewjob?jk=f0367efd84417823
머신러닝,Success Korea,서울 선릉역,https://kr.indeed.com/viewjob?jk=5ecb57c806c47aa0
빅데이터수집/처리,Success Korea,경기도 성남,https://kr.indeed.com/viewjob?jk=d24722707c9aed56
게임플랫폼 Server 개발,Success Korea,경기도 성남,https://kr.indeed.com/viewjob?jk=a3f7e859f78c3856
메신저앱 Family OS Client 개발,Success Korea,성남 분당구,https://kr.indeed.com/viewjob?jk=9e3160233e816836
Full Stack engineer,Success Korea,서울 공덕동,https://kr.indeed.com/viewjob?jk=f9ba0aceb3ab191b
Browser 엔지니어,Success Korea,성남 판교역,https://kr.indeed.com/viewjob?jk=e3ad38bc2ab599ef
결제시스템 기술개발 (대리-과장),Success Korea,성남 판교역,https://kr.indeed.com/viewjob?jk=d5a08b8f70e8d699
IT Specialist,Success Korea,서울 여의도역,https://kr.indeed.com/viewjob?jk=4983bec8167924da
Infra Platform QA,Success Korea,성남 분당구,https://kr.indeed.com/viewjob?jk=385f70c5ce9c86ff
개인화 추천서비스 개발,Success Korea,서울 삼성동,https://kr.indeed.com/viewjob?jk=18d4b759113240ca
보안개발자(ASAP),Success Korea,서울 삼성동,https://kr.indeed.com/viewjob?jk=a979e53aa387868c
SW 개발,Success Korea,서울 신논현역,https://kr.indeed.com/viewjob?jk=6561c937add50cc4
제어 엔지니어,Success Korea,성남 중원구,https://kr.indeed.com/viewjob?jk=560be5ee50752533
[Artist] Technical Artist - FIFA,Success Korea,서울 강남구,https://kr.indeed.com/viewjob?jk=5467f1fc45de3a63
Cloud System Engineer (3년이상),Success Korea,서울,https://kr.indeed.com/viewjob?jk=9d1700f4783d53e0
웹개발자,Success Korea,서울 잠실역,https://kr.indeed.com/viewjob?jk=2936adf2a7318db5
웹개발팀장,Success Korea,서울 잠실역,https://kr.indeed.com/viewjob?jk=c4e7809eb035c7ee
Technical Artist,Success Korea,서울 강남구,https://kr.indeed.com/viewjob?jk=220551aa57f5eed8
Cloud System Engineer,Success Korea,서울,https://kr.indeed.com/viewjob?jk=3d594f8990d3a797
Platform server 개발자,Success Korea,성남 분당구,https://kr.indeed.com/viewjob?jk=3da2537c07ea7706
SW개발 매니저,Success Korea,서울 삼성동,https://kr.indeed.com/viewjob?jk=a758b91ea2f0dd2b
Linux 서버 개발자,Success Korea,성남 판교역,https://kr.indeed.com/viewjob?jk=fe69337a085bae5b
Cloud Platfrorm 개발 및 운영,Success Korea,성남 분당구,https://kr.indeed.com/viewjob?jk=71ecd14b3431ac40
Tech U Associate Technical Trainer - 2020 Korea,Amazon Web Services Korea LLC,서울,https://kr.indeed.com/viewjob?jk=a8b83b3070bb370a
Data Scientist (LINE TIMELINE),LINE Plus corporation,성남 서현역,https://kr.indeed.com/viewjob?jk=747e809417b65ce3
Python 신입/경력 정규직,태그바이컴퍼니,서울 강남구,https://kr.indeed.com/viewjob?jk=e7b19736572ba66e
메시지발송 플랫폼 개발자,Nexon,성남 분당구,https://kr.indeed.com/viewjob?jk=eaee1538d8cc832f
외국계 한국법인 백엔드 경력 사원,엘마르코리아,서울,https://kr.indeed.com/viewjob?jk=8e79c59826227cee
파이썬SW 금융분야 특화 챗봇 개발 함께 할 엔지니어,파운트,서울 충정로역,https://kr.indeed.com/viewjob?jk=ffd9cedb23e97344
웹/앱 프론트엔드 개발자,에이치랩,서울 마포구,https://kr.indeed.com/viewjob?jk=e7bede7841f3aeae
"NAVER, LINE 서비스 플랫폼 운영",NIT Service,성남 삼평동,https://kr.indeed.com/viewjob?jk=285996f91e76a862
[포티투마루] 전문연구요원 병역특례 인공지능 개발자,포티투마루,서울 관악구,https://kr.indeed.com/viewjob?jk=a58c48ff1cf0ac4d
[Search] 글로벌 콘텐츠 검색/ AI 기술 개발 신입/경력사원,네이버,서울,https://kr.indeed.com/viewjob?jk=90104004fabe2502
현대오토에버 R&D부문 신입/경력 석박사 인재,현대오토에버,서울 강남구,https://kr.indeed.com/viewjob?jk=47e5de6304704981
[ 2020 YG ENTERTAINMENT ] 정보관리 경력 (IT시스템 개발) - 상시 채용,YG 엔터테인먼트,서울 합정동,https://kr.indeed.com/viewjob?jk=dab3f72b35f4bc7e
[홈쇼핑모아] 핵심기능 개발팀 / 백엔드 엔지니어,버즈니,서울,https://kr.indeed.com/viewjob?jk=513eac573df04da8
Data Analyst,토스,서울 강남구,https://kr.indeed.com/viewjob?jk=e393fa440b668be7
[경력] 지도 구축 솔루션 개발,현대엠엔소프트,서울 용산구,https://kr.indeed.com/viewjob?jk=3fa3834bb999829b
